SNR (dB),BER,CSI,modulation_rate,modulation_rate_index,Ber Threshold
2.2,0.091413043,1.844847739,bpsk_0.5,0,0.1
2.3,0.082769324,1.829284082,bpsk_0.5,0,0.1
2.4,0.070851449,1.82012537,bpsk_0.5,0,0.1
2.5,0.063381643,1.803915892,bpsk_0.5,0,0.1
2.6,0.054481884,1.788388613,bpsk_0.5,0,0.1
2.7,0.048698068,1.77900506,bpsk_0.5,0,0.1
2.8,0.04439372,1.761315048,bpsk_0.5,0,0.1
2.9,0.036275362,1.750952209,bpsk_0.5,0,0.1
3.0,0.031493961,1.739363847,bpsk_0.5,0,0.1
3.1,0.027205314,1.723041274,bpsk_0.5,0,0.1
3.2,0.021861111,1.718200148,bpsk_0.5,0,0.1
3.3,0.018653382,1.69985793,bpsk_0.5,0,0.1
3.4,0.015297101,1.687234627,bpsk_0.5,0,0.1
3.5,0.01359058,1.678657056,bpsk_0.5,0,0.1
3.6,0.010660628,1.667891778,bpsk_0.5,0,0.1
3.7,0.00942029,1.651250163,bpsk_0.5,0,0.1
3.8,0.00753744,1.642901771,bpsk_0.5,0,0.1
3.9,0.00603744,1.632574942,bpsk_0.5,0,0.1
4.0,0.005637681,1.619349802,bpsk_0.5,0,0.1
4.1,0.004766908,1.608763441,bpsk_0.5,0,0.1
4.2,0.003202899,1.595707526,bpsk_0.5,0,0.1
4.3,0.002567633,1.590412719,bpsk_0.5,0,0.1
4.4,0.002048309,1.579958476,bpsk_0.5,0,0.1
4.5,0.001916667,1.565422792,bpsk_0.5,0,0.1
4.6,0.001392512,1.559991424,bpsk_0.5,0,0.1
4.7,0.001077295,1.549291601,bpsk_0.5,0,0.1
4.8,0.000836957,1.537605128,bpsk_0.5,0,0.1
4.9,0.000679952,1.52819192,bpsk_0.5,0,0.1
5.0,0.000619565,1.518135605,bpsk_0.5,0,0.1
5.1,0.000431159,1.510034541,bpsk_0.5,0,0.1
5.2,0.000274155,1.50127393,bpsk_0.5,0,0.1
5.3,0.000322464,1.495352298,bpsk_0.5,0,0.1
5.4,0.000266908,1.483197942,bpsk_0.5,0,0.1
5.5,0.000304348,1.475749219,bpsk_0.5,0,0.1
5.6,0.000166667,1.467982305,bpsk_0.5,0,0.1
5.7,0.000158213,1.456936182,bpsk_0.5,0,0.1
5.8,6.64e-05,1.451903615,bpsk_0.5,0,0.1
5.9,8.94e-05,1.443225073,bpsk_0.5,0,0.1
6.0,8.09e-05,1.432967616,bpsk_0.5,0,0.1
6.1,4.11e-05,1.425533503,bpsk_0.5,0,0.1
6.2,3.62e-05,1.42073833,bpsk_0.5,0,0.1
6.210299957,0.09089372,1.270151277,4qam_0.75,1,0.1
6.310299957,0.082257246,1.26588059,4qam_0.75,1,0.1
6.410299957,0.072629227,1.258135324,4qam_0.75,1,0.1
6.510299957,0.060251208,1.25661017,4qam_0.75,1,0.1
6.610299957,0.056243961,1.24864739,4qam_0.75,1,0.1
6.710299957,0.047683575,1.242752533,4qam_0.75,1,0.1
6.810299957,0.040014493,1.240261351,4qam_0.75,1,0.1
6.910299957,0.032940821,1.233156642,4qam_0.75,1,0.1
7.010299957,0.029326087,1.228381402,4qam_0.75,1,0.1
7.110299957,0.024853865,1.221927706,4qam_0.75,1,0.1
7.210299957,0.020888889,1.221911052,4qam_0.75,1,0.1
7.310299957,0.017285024,1.215659043,4qam_0.75,1,0.1
7.410299957,0.014455314,1.21204134,4qam_0.75,1,0.1
7.510299957,0.011646135,1.209851178,4qam_0.75,1,0.1
7.610299957,0.009390097,1.205317478,4qam_0.75,1,0.1
7.710299957,0.008514493,1.202381124,4qam_0.75,1,0.1
7.810299957,0.005942029,1.198328547,4qam_0.75,1,0.1
7.910299957,0.005603865,1.195481404,4qam_0.75,1,0.1
8.010299957,0.004306763,1.189861558,4qam_0.75,1,0.1
8.110299957,0.003452899,1.183746626,4qam_0.75,1,0.1
8.210299957,0.003018116,1.181359823,4qam_0.75,1,0.1
8.310299957,0.002248792,1.178530986,4qam_0.75,1,0.1
8.410299957,0.002099034,1.175426861,4qam_0.75,1,0.1
8.510299957,0.001421498,1.169657028,4qam_0.75,1,0.1
8.610299957,0.001126812,1.16689911,4qam_0.75,1,0.1
8.710299957,0.000741546,1.165085792,4qam_0.75,1,0.1
8.810299957,0.000665459,1.160892247,4qam_0.75,1,0.1
8.910299957,0.000603865,1.157512902,4qam_0.75,1,0.1
9.010299957,0.00047343,1.153164297,4qam_0.75,1,0.1
9.110299957,0.000184783,1.152856054,4qam_0.75,1,0.1
9.210299957,0.000277778,1.147202729,4qam_0.75,1,0.1
9.310299957,0.000333333,1.147577178,4qam_0.75,1,0.1
9.410299957,0.000144928,1.144413805,4qam_0.75,1,0.1
9.510299957,0.000154589,1.140108914,4qam_0.75,1,0.1
9.610299957,0.000119565,1.137167413,4qam_0.75,1,0.1
9.710299957,5.07e-05,1.13315523,4qam_0.75,1,0.1
9.810299957,0.000115942,1.132035512,4qam_0.75,1,0.1
9.910299957,9.66e-05,1.12985536,4qam_0.75,1,0.1
10.01029996,3.38e-05,1.12781559,4qam_0.75,1,0.1
10.11029996,2.78e-05,1.123301604,4qam_0.75,1,0.1
10.21029996,4.71e-05,1.121673819,4qam_0.75,1,0.1
10.31029996,2.78e-05,1.120190707,4qam_0.75,1,0.1
10.41029996,3.99e-05,1.116081621,4qam_0.75,1,0.1
10.51029996,2.54e-05,1.114127378,4qam_0.75,1,0.1
10.61029996,2.17e-05,1.110858339,4qam_0.75,1,0.1
10.71029996,1.09e-05,1.108907143,4qam_0.75,1,0.1
10.81029996,1.81e-05,1.108700005,4qam_0.75,1,0.1
10.91029996,2.66e-05,1.103244459,4qam_0.75,1,0.1
10.92059991,0.090072464,1.185081296,qam16_0.5,2,0.1
11.02059991,0.082449275,1.183119208,qam16_0.5,2,0.1
11.12059991,0.072095411,1.177201736,qam16_0.5,2,0.1
11.22059991,0.067836957,1.177248902,qam16_0.5,2,0.1
11.32059991,0.05977657,1.17048386,qam16_0.5,2,0.1
11.42059991,0.05010628,1.171746203,qam16_0.5,2,0.1
11.52059991,0.0445,1.163636335,qam16_0.5,2,0.1
11.62059991,0.040115942,1.163853292,qam16_0.5,2,0.1
11.72059991,0.035411836,1.162014021,qam16_0.5,2,0.1
11.82059991,0.030157005,1.160670534,qam16_0.5,2,0.1
11.92059991,0.027092995,1.153761352,qam16_0.5,2,0.1
12.02059991,0.023417874,1.153594142,qam16_0.5,2,0.1
12.12059991,0.019107488,1.150891257,qam16_0.5,2,0.1
12.22059991,0.01747343,1.145707296,qam16_0.5,2,0.1
12.32059991,0.014635266,1.142149614,qam16_0.5,2,0.1
12.42059991,0.011894928,1.139901631,qam16_0.5,2,0.1
12.52059991,0.089449275,1.09481614,qam16_0.75,3,0.1
12.62059991,0.083365942,1.092563044,qam16_0.75,3,0.1
12.72059991,0.072763285,1.089807199,qam16_0.75,3,0.1
12.82059991,0.065532609,1.088090917,qam16_0.75,3,0.1
12.92059991,0.056277778,1.085307325,qam16_0.75,3,0.1
13.02059991,0.050109903,1.082950462,qam16_0.75,3,0.1
13.12059991,0.043899758,1.083036515,qam16_0.75,3,0.1
13.22059991,0.035675121,1.082158224,qam16_0.75,3,0.1
13.32059991,0.032073671,1.079322286,qam16_0.75,3,0.1
13.42059991,0.027578502,1.076447296,qam16_0.75,3,0.1
13.52059991,0.024427536,1.076159479,qam16_0.75,3,0.1
13.62059991,0.020991546,1.074818941,qam16_0.75,3,0.1
13.72059991,0.018396135,1.070529077,qam16_0.75,3,0.1
13.82059991,0.015157005,1.071667389,qam16_0.75,3,0.1
13.92059991,0.012928744,1.074243666,qam16_0.75,3,0.1
14.02059991,0.010231884,1.07085366,qam16_0.75,3,0.1
14.12059991,0.008509662,1.067704028,qam16_0.75,3,0.1
14.22059991,0.008556763,1.068562217,qam16_0.75,3,0.1
14.32059991,0.006614734,1.065294817,qam16_0.75,3,0.1
14.42059991,0.005148551,1.064756433,qam16_0.75,3,0.1
14.52059991,0.003993961,1.063736035,qam16_0.75,3,0.1
14.62059991,0.003014493,1.062715619,qam16_0.75,3,0.1
14.72059991,0.0027343,1.064210113,qam16_0.75,3,0.1
14.82059991,0.002027778,1.059067553,qam16_0.75,3,0.1
14.92059991,0.001635266,1.05726037,qam16_0.75,3,0.1
15.02059991,0.001390097,1.05471501,qam16_0.75,3,0.1
15.12059991,0.001111111,1.055311641,qam16_0.75,3,0.1
15.22059991,0.001088164,1.054678636,qam16_0.75,3,0.1
15.32059991,0.000827295,1.054570387,qam16_0.75,3,0.1
15.42059991,0.000582126,1.053772896,qam16_0.75,3,0.1
15.52059991,0.000423913,1.052473733,qam16_0.75,3,0.1
15.62059991,0.000339372,1.049170888,qam16_0.75,3,0.1
15.72059991,0.000350242,1.051153724,qam16_0.75,3,0.1
15.82059991,0.000199275,1.048845111,qam16_0.75,3,0.1
15.92059991,0.000108696,1.046775941,qam16_0.75,3,0.1
16.02059991,0.000193237,1.048114663,qam16_0.75,3,0.1
16.12059991,0.000149758,1.044807844,qam16_0.75,3,0.1
16.22059991,8.45e-05,1.044912384,qam16_0.75,3,0.1
16.32059991,6.76e-05,1.043120691,qam16_0.75,3,0.1
16.42059991,7.61e-05,1.044511752,qam16_0.75,3,0.1
16.52059991,0.000130435,1.041193473,qam16_0.75,3,0.1
16.62059991,2.54e-05,1.041166437,qam16_0.75,3,0.1
16.72059991,3.02e-05,1.041297942,qam16_0.75,3,0.1
16.82059991,2.17e-05,1.040637291,qam16_0.75,3,0.1
16.92059991,2.66e-05,1.037032241,qam16_0.75,3,0.1
17.02059991,4.23e-05,1.040172116,qam16_0.75,3,0.1
17.12059991,3.02e-05,1.037405706,qam16_0.75,3,0.1
17.22059991,4.95e-05,1.036545111,qam16_0.75,3,0.1
17.32059991,1.93e-05,1.036516996,qam16_0.75,3,0.1
17.42059991,2.42e-05,1.035863907,qam16_0.75,3,0.1
17.52059991,2.66e-05,1.034782469,qam16_0.75,3,0.1
17.62059991,6.04e-06,1.034246633,qam16_0.75,3,0.1
17.72059991,2.54e-05,1.032018113,qam16_0.75,3,0.1
17.82059991,1.69e-05,1.032403872,qam16_0.75,3,0.1
17.92059991,2.66e-05,1.030720817,qam16_0.75,3,0.1
17.9815125,0.092753623,1.058832903,qam64_0.75,4,0.1
18.0815125,0.087021739,1.057098804,qam64_0.75,4,0.1
18.1815125,0.076259662,1.05200719,qam64_0.75,4,0.1
18.2815125,0.067887681,1.054850175,qam64_0.75,4,0.1
18.3815125,0.060405797,1.053541857,qam64_0.75,4,0.1
18.4815125,0.056270531,1.054125756,qam64_0.75,4,0.1
18.5815125,0.050231884,1.049563067,qam64_0.75,4,0.1
18.6815125,0.041838164,1.046029609,qam64_0.75,4,0.1
18.7815125,0.038120773,1.045787033,qam64_0.75,4,0.1
18.8815125,0.033875604,1.046280645,qam64_0.75,4,0.1
18.9815125,0.029295894,1.04786021,qam64_0.75,4,0.1
19.0815125,0.026791063,1.047560417,qam64_0.75,4,0.1
19.1815125,0.022028986,1.04699496,qam64_0.75,4,0.1
19.2815125,0.017905797,1.049285728,qam64_0.75,4,0.1
19.3815125,0.016818841,1.04443839,qam64_0.75,4,0.1
19.4815125,0.013853865,1.041639885,qam64_0.75,4,0.1
19.5815125,0.011565217,1.043442611,qam64_0.75,4,0.1
19.6815125,0.009724638,1.044873589,qam64_0.75,4,0.1
19.7815125,0.007743961,1.041208831,qam64_0.75,4,0.1
19.8815125,0.006791063,1.041652884,qam64_0.75,4,0.1
19.9815125,0.006345411,1.036525191,qam64_0.75,4,0.1
20.0815125,0.004345411,1.039217883,qam64_0.75,4,0.1
20.1815125,0.004282609,1.037626761,qam64_0.75,4,0.1
20.2815125,0.003646135,1.040740791,qam64_0.75,4,0.1
20.3815125,0.002714976,1.037672419,qam64_0.75,4,0.1
20.4815125,0.002252415,1.039891293,qam64_0.75,4,0.1
20.5815125,0.00234058,1.034588219,qam64_0.75,4,0.1
20.6815125,0.001675121,1.032615198,qam64_0.75,4,0.1
20.7815125,0.001448068,1.038206282,qam64_0.75,4,0.1
20.8815125,0.00113285,1.035511589,qam64_0.75,4,0.1
20.9815125,0.000794686,1.034477042,qam64_0.75,4,0.1
21.0815125,0.00069686,1.033329217,qam64_0.75,4,0.1
21.1815125,0.00047343,1.032172187,qam64_0.75,4,0.1
21.2815125,0.00055314,1.032562597,qam64_0.75,4,0.1
21.3815125,0.000380435,1.032714235,qam64_0.75,4,0.1
21.4815125,0.000341787,1.033294855,qam64_0.75,4,0.1
21.5815125,0.000327295,1.032684216,qam64_0.75,4,0.1
21.6815125,0.000184783,1.031079894,qam64_0.75,4,0.1
21.7815125,0.000198068,1.031232659,qam64_0.75,4,0.1
21.8815125,0.000193237,1.028499867,qam64_0.75,4,0.1
21.9815125,0.000120773,1.029724912,qam64_0.75,4,0.1
22.0815125,0.000152174,1.033974199,qam64_0.75,4,0.1
22.1815125,0.000108696,1.028496065,qam64_0.75,4,0.1
22.2815125,6.28e-05,1.029410584,qam64_0.75,4,0.1
22.3815125,7.61e-05,1.028138437,qam64_0.75,4,0.1
22.4815125,7.97e-05,1.025999281,qam64_0.75,4,0.1
22.5815125,4.95e-05,1.027843193,qam64_0.75,4,0.1
22.6815125,5.19e-05,1.024981006,qam64_0.75,4,0.1
22.7815125,4.59e-05,1.026343,qam64_0.75,4,0.1
22.8815125,4.71e-05,1.02611844,qam64_0.75,4,0.1
22.9815125,3.74e-05,1.025003267,qam64_0.75,4,0.1
23.0815125,4.11e-05,1.023409373,qam64_0.75,4,0.1
23.1815125,5.19e-05,1.023947412,qam64_0.75,4,0.1
23.2815125,3.5e-05,1.024162943,qam64_0.75,4,0.1
23.3815125,3.86e-05,1.023782428,qam64_0.75,4,0.1
23.4815125,4.47e-05,1.022656525,qam64_0.75,4,0.1
23.5815125,4.11e-05,1.023027362,qam64_0.75,4,0.1
23.6815125,3.5e-05,1.023490565,qam64_0.75,4,0.1
23.7815125,4.59e-05,1.017826024,qam64_0.75,4,0.1
23.8815125,3.62e-05,1.020800641,qam64_0.75,4,0.1
23.9815125,4.11e-05,1.020886061,qam64_0.75,4,0.1
24.0815125,3.62e-05,1.021191307,qam64_0.75,4,0.1
24.1815125,3.62e-05,1.020641856,qam64_0.75,4,0.1
24.2815125,5.43e-05,1.019840491,qam64_0.75,4,0.1
24.3815125,4.11e-05,1.020423757,qam64_0.75,4,0.1
24.4815125,3.62e-05,1.018301106,qam64_0.75,4,0.1
24.5815125,3.99e-05,1.018731819,qam64_0.75,4,0.1
24.6815125,3.86e-05,1.020757005,qam64_0.75,4,0.1
24.7815125,3.62e-05,1.01807485,qam64_0.75,4,0.1
24.8815125,3.5e-05,1.019402127,qam64_0.75,4,0.1
24.9815125,3.62e-05,1.02015192,qam64_0.75,4,0.1
25.0815125,3.62e-05,1.019124587,qam64_0.75,4,0.1
25.1815125,3.5e-05,1.0180649,qam64_0.75,4,0.1
25.2815125,3.5e-05,1.016384689,qam64_0.75,4,0.1
25.3815125,3.86e-05,1.015547391,qam64_0.75,4,0.1
25.4815125,3.74e-05,1.015226346,qam64_0.75,4,0.1
25.5815125,4.23e-05,1.016931894,qam64_0.75,4,0.1
25.6815125,3.74e-05,1.017960043,qam64_0.75,4,0.1
25.7815125,3.86e-05,1.016947013,qam64_0.75,4,0.1
25.8815125,3.5e-05,1.015185174,qam64_0.75,4,0.1
25.9815125,3.86e-05,1.015945458,qam64_0.75,4,0.1
26.0815125,3.62e-05,1.0166069,qam64_0.75,4,0.1
26.1815125,3.86e-05,1.013511141,qam64_0.75,4,0.1
26.2815125,3.62e-05,1.013193217,qam64_0.75,4,0.1
26.3815125,4.59e-05,1.014248407,qam64_0.75,4,0.1
26.4815125,3.62e-05,1.013518602,qam64_0.75,4,0.1
26.5815125,3.74e-05,1.014132992,qam64_0.75,4,0.1
26.6815125,4.35e-05,1.013700788,qam64_0.75,4,0.1
26.7815125,3.5e-05,1.014201959,qam64_0.75,4,0.1
26.8815125,4.11e-05,1.012972778,qam64_0.75,4,0.1
26.9815125,3.99e-05,1.012655704,qam64_0.75,4,0.1
27.0815125,3.38e-05,1.013597152,qam64_0.75,4,0.1
27.1815125,3.99e-05,1.012616602,qam64_0.75,4,0.1
27.2815125,3.5e-05,1.012287313,qam64_0.75,4,0.1
27.3815125,3.74e-05,1.012916105,qam64_0.75,4,0.1
27.4815125,4.71e-05,1.011281364,qam64_0.75,4,0.1
27.5815125,3.74e-05,1.010520803,qam64_0.75,4,0.1
27.6815125,3.86e-05,1.011420179,qam64_0.75,4,0.1
27.7815125,3.86e-05,1.010355535,qam64_0.75,4,0.1
27.8815125,3.62e-05,1.011621343,qam64_0.75,4,0.1
27.9815125,3.62e-05,1.010622714,qam64_0.75,4,0.1
28.0815125,3.74e-05,1.01075624,qam64_0.75,4,0.1
28.1815125,5.07e-05,1.01165121,qam64_0.75,4,0.1
28.2815125,4.11e-05,1.010096205,qam64_0.75,4,0.1
28.3815125,3.86e-05,1.010562991,qam64_0.75,4,0.1
28.4815125,3.5e-05,1.010199205,qam64_0.75,4,0.1
28.5815125,3.62e-05,1.009028464,qam64_0.75,4,0.1
28.6815125,5.07e-05,1.009217522,qam64_0.75,4,0.1
28.7815125,4.71e-05,1.009339896,qam64_0.75,4,0.1
28.8815125,3.38e-05,1.010218103,qam64_0.75,4,0.1
28.9815125,4.23e-05,1.008730746,qam64_0.75,4,0.1
29.0815125,3.62e-05,1.009213677,qam64_0.75,4,0.1
29.1815125,4.11e-05,1.007879481,qam64_0.75,4,0.1
29.2815125,3.86e-05,1.00853262,qam64_0.75,4,0.1
29.3815125,4.23e-05,1.009174004,qam64_0.75,4,0.1
29.4815125,4.35e-05,1.007625417,qam64_0.75,4,0.1
29.5815125,3.86e-05,1.008432405,qam64_0.75,4,0.1
29.6815125,3.5e-05,1.007914544,qam64_0.75,4,0.1
29.7815125,4.23e-05,1.008256575,qam64_0.75,4,0.1
29.8815125,3.62e-05,1.008013563,qam64_0.75,4,0.1
29.9815125,3.5e-05,1.008185757,qam64_0.75,4,0.1
2.7,0.047111111,1.788711726,bpsk_0.5,0,0.05
2.8,0.040894928,1.777721093,bpsk_0.5,0,0.05
2.9,0.036148551,1.758930762,bpsk_0.5,0,0.05
3.0,0.031551932,1.748275973,bpsk_0.5,0,0.05
3.1,0.025650966,1.737821407,bpsk_0.5,0,0.05
3.2,0.023126812,1.72951078,bpsk_0.5,0,0.05
3.3,0.019025362,1.716059789,bpsk_0.5,0,0.05
3.4,0.01663285,1.706318255,bpsk_0.5,0,0.05
3.5,0.012701691,1.690854683,bpsk_0.5,0,0.05
3.6,0.010952899,1.679755245,bpsk_0.5,0,0.05
3.7,0.009305556,1.668113869,bpsk_0.5,0,0.05
3.8,0.007549517,1.658274644,bpsk_0.5,0,0.05
3.9,0.006048309,1.642734634,bpsk_0.5,0,0.05
4.0,0.005059179,1.632260226,bpsk_0.5,0,0.05
4.1,0.004258454,1.624555064,bpsk_0.5,0,0.05
4.2,0.003452899,1.608704528,bpsk_0.5,0,0.05
4.3,0.002594203,1.599310679,bpsk_0.5,0,0.05
4.4,0.002300725,1.586279426,bpsk_0.5,0,0.05
4.5,0.001948068,1.581288199,bpsk_0.5,0,0.05
4.6,0.001388889,1.568363101,bpsk_0.5,0,0.05
4.7,0.001115942,1.560809392,bpsk_0.5,0,0.05
4.8,0.000876812,1.552713745,bpsk_0.5,0,0.05
4.9,0.000737923,1.535317926,bpsk_0.5,0,0.05
5.0,0.000570048,1.530777877,bpsk_0.5,0,0.05
5.1,0.000414251,1.52302334,bpsk_0.5,0,0.05
5.2,0.000310386,1.514872801,bpsk_0.5,0,0.05
5.3,0.000361111,1.504155194,bpsk_0.5,0,0.05
5.4,0.000194444,1.496236078,bpsk_0.5,0,0.05
5.5,0.000158213,1.486501686,bpsk_0.5,0,0.05
5.6,0.000177536,1.480421991,bpsk_0.5,0,0.05
5.7,0.000119565,1.47018064,bpsk_0.5,0,0.05
5.8,5.92e-05,1.46020024,bpsk_0.5,0,0.05
5.9,5.92e-05,1.455136773,bpsk_0.5,0,0.05
6.0,4.11e-05,1.444776761,bpsk_0.5,0,0.05
6.1,6.4e-05,1.437240623,bpsk_0.5,0,0.05
6.2,3.38e-05,1.427488209,bpsk_0.5,0,0.05
6.3,4.83e-05,1.423216897,bpsk_0.5,0,0.05
6.4,2.17e-05,1.41261335,bpsk_0.5,0,0.05
6.5,1.21e-05,1.405335358,bpsk_0.5,0,0.05
6.6,1.81e-05,1.402146929,bpsk_0.5,0,0.05
6.7,3.62e-06,1.393301887,bpsk_0.5,0,0.05
6.710299957,0.047671498,1.285565637,4qam_0.75,1,0.05
6.810299957,0.042062802,1.289051114,4qam_0.75,1,0.05
6.910299957,0.036766908,1.281126545,4qam_0.75,1,0.05
7.010299957,0.031707729,1.272715483,4qam_0.75,1,0.05
7.110299957,0.027138889,1.266503447,4qam_0.75,1,0.05
7.210299957,0.02192029,1.262968514,4qam_0.75,1,0.05
7.310299957,0.017611111,1.259098719,4qam_0.75,1,0.05
7.410299957,0.014237923,1.257406546,4qam_0.75,1,0.05
7.510299957,0.013227053,1.246706677,4qam_0.75,1,0.05
7.610299957,0.009836957,1.246859055,4qam_0.75,1,0.05
7.710299957,0.007842995,1.24174996,4qam_0.75,1,0.05
7.810299957,0.006681159,1.23843005,4qam_0.75,1,0.05
7.910299957,0.006083333,1.229672338,4qam_0.75,1,0.05
8.010299957,0.004902174,1.22774294,4qam_0.75,1,0.05
8.110299957,0.003875604,1.221184116,4qam_0.75,1,0.05
8.210299957,0.002817633,1.221560561,4qam_0.75,1,0.05
8.310299957,0.00201087,1.214623523,4qam_0.75,1,0.05
8.410299957,0.001859903,1.210447855,4qam_0.75,1,0.05
8.510299957,0.001490338,1.205055049,4qam_0.75,1,0.05
8.610299957,0.001131643,1.204250995,4qam_0.75,1,0.05
8.710299957,0.001240338,1.198273939,4qam_0.75,1,0.05
8.810299957,0.000870773,1.194093602,4qam_0.75,1,0.05
8.910299957,0.000543478,1.192097625,4qam_0.75,1,0.05
9.010299957,0.000358696,1.189321703,4qam_0.75,1,0.05
9.110299957,0.000225845,1.186825862,4qam_0.75,1,0.05
9.210299957,0.000158213,1.182324351,4qam_0.75,1,0.05
9.310299957,0.000194444,1.180993664,4qam_0.75,1,0.05
9.410299957,0.000138889,1.174852644,4qam_0.75,1,0.05
9.510299957,0.000111111,1.171014552,4qam_0.75,1,0.05
9.610299957,8.33e-05,1.168527621,4qam_0.75,1,0.05
9.710299957,7.97e-05,1.167903182,4qam_0.75,1,0.05
9.810299957,3.86e-05,1.161519599,4qam_0.75,1,0.05
9.910299957,7.61e-05,1.159451438,4qam_0.75,1,0.05
10.01029996,5.43e-05,1.154835849,4qam_0.75,1,0.05
10.11029996,6.4e-05,1.154024898,4qam_0.75,1,0.05
10.21029996,4.11e-05,1.15031329,4qam_0.75,1,0.05
10.31029996,2.54e-05,1.146626291,4qam_0.75,1,0.05
10.41029996,3.5e-05,1.144171878,4qam_0.75,1,0.05
10.51029996,9.66e-06,1.1412054,4qam_0.75,1,0.05
10.61029996,4.47e-05,1.141013106,4qam_0.75,1,0.05
10.71029996,3.14e-05,1.135012978,4qam_0.75,1,0.05
10.81029996,2.05e-05,1.132779646,4qam_0.75,1,0.05
10.91029996,1.93e-05,1.131689428,4qam_0.75,1,0.05
11.01029996,2.17e-05,1.128503717,4qam_0.75,1,0.05
11.11029996,2.05e-05,1.124602076,4qam_0.75,1,0.05
11.21029996,1.45e-05,1.125710476,4qam_0.75,1,0.05
11.31029996,1.81e-05,1.120363958,4qam_0.75,1,0.05
11.41029996,3.74e-05,1.120652646,4qam_0.75,1,0.05
11.51029996,1.09e-05,1.118396689,4qam_0.75,1,0.05
11.52059991,0.049362319,1.160084594,qam16_0.5,2,0.05
11.62059991,0.044198068,1.156349454,qam16_0.5,2,0.05
11.72059991,0.038833333,1.156668699,qam16_0.5,2,0.05
11.82059991,0.033425121,1.152652393,qam16_0.5,2,0.05
11.92059991,0.029675121,1.149523871,qam16_0.5,2,0.05
12.02059991,0.025438406,1.148228952,qam16_0.5,2,0.05
12.12059991,0.020672705,1.145468263,qam16_0.5,2,0.05
12.22059991,0.018497585,1.140053155,qam16_0.5,2,0.05
12.32059991,0.016327295,1.135445904,qam16_0.5,2,0.05
12.42059991,0.012838164,1.135798961,qam16_0.5,2,0.05
12.52059991,0.011134058,1.131650138,qam16_0.5,2,0.05
12.62059991,0.01053744,1.132080986,qam16_0.5,2,0.05
12.72059991,0.008282609,1.129272266,qam16_0.5,2,0.05
12.82059991,0.006562802,1.125674036,qam16_0.5,2,0.05
12.92059991,0.006398551,1.125675724,qam16_0.5,2,0.05
13.02059991,0.004798309,1.121292204,qam16_0.5,2,0.05
13.12059991,0.048474638,1.071662923,qam16_0.75,3,0.05
13.22059991,0.040733092,1.069888859,qam16_0.75,3,0.05
13.32059991,0.035035024,1.067650371,qam16_0.75,3,0.05
13.42059991,0.03065942,1.065366279,qam16_0.75,3,0.05
13.52059991,0.026299517,1.068353189,qam16_0.75,3,0.05
13.62059991,0.022799517,1.0646716,qam16_0.75,3,0.05
13.72059991,0.019516908,1.062759311,qam16_0.75,3,0.05
13.82059991,0.016496377,1.062683481,qam16_0.75,3,0.05
13.92059991,0.013451691,1.060708925,qam16_0.75,3,0.05
14.02059991,0.010858696,1.056598558,qam16_0.75,3,0.05
14.12059991,0.009766908,1.058065258,qam16_0.75,3,0.05
14.22059991,0.00797343,1.057021213,qam16_0.75,3,0.05
14.32059991,0.007455314,1.057254018,qam16_0.75,3,0.05
14.42059991,0.005049517,1.052230073,qam16_0.75,3,0.05
14.52059991,0.004682367,1.05338663,qam16_0.75,3,0.05
14.62059991,0.003926329,1.052095202,qam16_0.75,3,0.05
14.72059991,0.002804348,1.051064387,qam16_0.75,3,0.05
14.82059991,0.002525362,1.050581576,qam16_0.75,3,0.05
14.92059991,0.002194444,1.04835748,qam16_0.75,3,0.05
15.02059991,0.001533816,1.048512047,qam16_0.75,3,0.05
15.12059991,0.001307971,1.044833303,qam16_0.75,3,0.05
15.22059991,0.00105314,1.047352568,qam16_0.75,3,0.05
15.32059991,0.00089372,1.04653811,qam16_0.75,3,0.05
15.42059991,0.000748792,1.044575423,qam16_0.75,3,0.05
15.52059991,0.000507246,1.042049478,qam16_0.75,3,0.05
15.62059991,0.000607488,1.04169917,qam16_0.75,3,0.05
15.72059991,0.000309179,1.042726364,qam16_0.75,3,0.05
15.82059991,0.000285024,1.040223436,qam16_0.75,3,0.05
15.92059991,0.000272947,1.041512279,qam16_0.75,3,0.05
16.02059991,0.000317633,1.039333326,qam16_0.75,3,0.05
16.12059991,0.000152174,1.037570276,qam16_0.75,3,0.05
16.22059991,0.000105072,1.037078028,qam16_0.75,3,0.05
16.32059991,0.000115942,1.036898289,qam16_0.75,3,0.05
16.42059991,7.61e-05,1.037435991,qam16_0.75,3,0.05
16.52059991,2.78e-05,1.035383668,qam16_0.75,3,0.05
16.62059991,8.7e-05,1.034193617,qam16_0.75,3,0.05
16.72059991,2.78e-05,1.034676619,qam16_0.75,3,0.05
16.82059991,3.5e-05,1.033702829,qam16_0.75,3,0.05
16.92059991,2.78e-05,1.032747302,qam16_0.75,3,0.05
17.02059991,2.42e-05,1.030653415,qam16_0.75,3,0.05
17.12059991,3.62e-05,1.032336657,qam16_0.75,3,0.05
17.22059991,4.59e-05,1.029870934,qam16_0.75,3,0.05
17.32059991,9.66e-06,1.029608568,qam16_0.75,3,0.05
17.42059991,2.05e-05,1.030106238,qam16_0.75,3,0.05
17.52059991,5.43e-05,1.029424273,qam16_0.75,3,0.05
17.62059991,2.54e-05,1.027598967,qam16_0.75,3,0.05
17.72059991,2.05e-05,1.028814294,qam16_0.75,3,0.05
17.82059991,2.29e-05,1.025919763,qam16_0.75,3,0.05
17.92059991,4.95e-05,1.02537362,qam16_0.75,3,0.05
18.02059991,2.42e-05,1.025235073,qam16_0.75,3,0.05
18.12059991,1.81e-05,1.024688584,qam16_0.75,3,0.05
18.22059991,2.17e-05,1.023361056,qam16_0.75,3,0.05
18.32059991,4.35e-05,1.024709766,qam16_0.75,3,0.05
18.42059991,3.02e-05,1.025254028,qam16_0.75,3,0.05
18.52059991,2.05e-05,1.023907882,qam16_0.75,3,0.05
18.62059991,1.93e-05,1.021786292,qam16_0.75,3,0.05
18.6815125,0.047184783,1.027331998,qam64_0.75,4,0.05
18.7815125,0.042437198,1.024904558,qam64_0.75,4,0.05
18.8815125,0.037612319,1.024316997,qam64_0.75,4,0.05
18.9815125,0.035321256,1.024171477,qam64_0.75,4,0.05
19.0815125,0.02788285,1.023738789,qam64_0.75,4,0.05
19.1815125,0.02571256,1.023220238,qam64_0.75,4,0.05
19.2815125,0.023283816,1.022147048,qam64_0.75,4,0.05
19.3815125,0.018320048,1.022685157,qam64_0.75,4,0.05
19.4815125,0.01588285,1.021987874,qam64_0.75,4,0.05
19.5815125,0.012743961,1.021205034,qam64_0.75,4,0.05
19.6815125,0.012650966,1.020781007,qam64_0.75,4,0.05
19.7815125,0.010200483,1.022497,qam64_0.75,4,0.05
19.8815125,0.008012077,1.018966133,qam64_0.75,4,0.05
19.9815125,0.007178744,1.019356509,qam64_0.75,4,0.05
20.0815125,0.00527657,1.019346756,qam64_0.75,4,0.05
20.1815125,0.005369565,1.01869315,qam64_0.75,4,0.05
20.2815125,0.004138889,1.018213868,qam64_0.75,4,0.05
20.3815125,0.003118357,1.018172781,qam64_0.75,4,0.05
20.4815125,0.003142512,1.016555647,qam64_0.75,4,0.05
20.5815125,0.002743961,1.017193355,qam64_0.75,4,0.05
20.6815125,0.001897343,1.016628773,qam64_0.75,4,0.05
20.7815125,0.001614734,1.017058852,qam64_0.75,4,0.05
20.8815125,0.001398551,1.01633716,qam64_0.75,4,0.05
20.9815125,0.001028986,1.013087386,qam64_0.75,4,0.05
21.0815125,0.001100242,1.016185941,qam64_0.75,4,0.05
21.1815125,0.000772947,1.014718233,qam64_0.75,4,0.05
21.2815125,0.000618357,1.015503313,qam64_0.75,4,0.05
21.3815125,0.000359903,1.013874851,qam64_0.75,4,0.05
21.4815125,0.000433575,1.013714227,qam64_0.75,4,0.05
21.5815125,0.000347826,1.014061492,qam64_0.75,4,0.05
21.6815125,0.000300725,1.013146491,qam64_0.75,4,0.05
21.7815125,0.000246377,1.014132877,qam64_0.75,4,0.05
21.8815125,0.000213768,1.012988201,qam64_0.75,4,0.05
21.9815125,0.000206522,1.014307715,qam64_0.75,4,0.05
22.0815125,0.000160628,1.013398349,qam64_0.75,4,0.05
22.1815125,0.000173913,1.011676371,qam64_0.75,4,0.05
22.2815125,0.000103865,1.012247877,qam64_0.75,4,0.05
22.3815125,0.000114734,1.011333509,qam64_0.75,4,0.05
22.4815125,6.28e-05,1.011015222,qam64_0.75,4,0.05
22.5815125,8.82e-05,1.012251246,qam64_0.75,4,0.05
22.6815125,8.09e-05,1.012300945,qam64_0.75,4,0.05
22.7815125,6.4e-05,1.010950009,qam64_0.75,4,0.05
22.8815125,7.13e-05,1.009719605,qam64_0.75,4,0.05
22.9815125,7.37e-05,1.011108451,qam64_0.75,4,0.05
23.0815125,9.42e-05,1.010420184,qam64_0.75,4,0.05
23.1815125,4.35e-05,1.010250122,qam64_0.75,4,0.05
23.2815125,6.88e-05,1.009339155,qam64_0.75,4,0.05
23.3815125,7.61e-05,1.010148709,qam64_0.75,4,0.05
23.4815125,5.19e-05,1.008663421,qam64_0.75,4,0.05
23.5815125,5.31e-05,1.008748416,qam64_0.75,4,0.05
23.6815125,7e-05,1.008584476,qam64_0.75,4,0.05
23.7815125,6.88e-05,1.008171341,qam64_0.75,4,0.05
23.8815125,6.4e-05,1.008750305,qam64_0.75,4,0.05
23.9815125,5.31e-05,1.00825085,qam64_0.75,4,0.05
24.0815125,5.19e-05,1.008148599,qam64_0.75,4,0.05
24.1815125,7e-05,1.006443989,qam64_0.75,4,0.05
24.2815125,4.71e-05,1.008314008,qam64_0.75,4,0.05
24.3815125,5.07e-05,1.007982397,qam64_0.75,4,0.05
24.4815125,5.07e-05,1.007276293,qam64_0.75,4,0.05
24.5815125,4.47e-05,1.007266568,qam64_0.75,4,0.05
24.6815125,5.31e-05,1.007722794,qam64_0.75,4,0.05
24.7815125,4.23e-05,1.006855575,qam64_0.75,4,0.05
24.8815125,5.19e-05,1.00790201,qam64_0.75,4,0.05
24.9815125,4.95e-05,1.006115064,qam64_0.75,4,0.05
25.0815125,6.4e-05,1.006758471,qam64_0.75,4,0.05
25.1815125,5.07e-05,1.005678978,qam64_0.75,4,0.05
25.2815125,4.83e-05,1.006244322,qam64_0.75,4,0.05
25.3815125,5.43e-05,1.005687784,qam64_0.75,4,0.05
25.4815125,5.07e-05,1.00501791,qam64_0.75,4,0.05
25.5815125,7.97e-05,1.005831836,qam64_0.75,4,0.05
25.6815125,5.8e-05,1.004848888,qam64_0.75,4,0.05
25.7815125,5.19e-05,1.005404848,qam64_0.75,4,0.05
25.8815125,5.56e-05,1.005794904,qam64_0.75,4,0.05
25.9815125,6.04e-05,1.005273231,qam64_0.75,4,0.05
26.0815125,6.16e-05,1.005630378,qam64_0.75,4,0.05
26.1815125,6.64e-05,1.004877422,qam64_0.75,4,0.05
26.2815125,5.07e-05,1.005181632,qam64_0.75,4,0.05
26.3815125,5.92e-05,1.005446491,qam64_0.75,4,0.05
26.4815125,5.43e-05,1.005051118,qam64_0.75,4,0.05
26.5815125,6.04e-05,1.004201906,qam64_0.75,4,0.05
26.6815125,6.28e-05,1.004576493,qam64_0.75,4,0.05
26.7815125,4.71e-05,1.003973896,qam64_0.75,4,0.05
26.8815125,4.35e-05,1.003501203,qam64_0.75,4,0.05
26.9815125,5.19e-05,1.005347662,qam64_0.75,4,0.05
27.0815125,5.07e-05,1.004622175,qam64_0.75,4,0.05
27.1815125,6.04e-05,1.003119286,qam64_0.75,4,0.05
27.2815125,7.85e-05,1.003088194,qam64_0.75,4,0.05
27.3815125,5.68e-05,1.003710987,qam64_0.75,4,0.05
27.4815125,5.8e-05,1.003552405,qam64_0.75,4,0.05
27.5815125,7e-05,1.004040185,qam64_0.75,4,0.05
27.6815125,7.97e-05,1.004247045,qam64_0.75,4,0.05
27.7815125,5.56e-05,1.003446932,qam64_0.75,4,0.05
27.8815125,5.8e-05,1.003105622,qam64_0.75,4,0.05
27.9815125,6.16e-05,1.003659262,qam64_0.75,4,0.05
28.0815125,6.52e-05,1.003215975,qam64_0.75,4,0.05
28.1815125,5.68e-05,1.003487642,qam64_0.75,4,0.05
28.2815125,6.64e-05,1.002475641,qam64_0.75,4,0.05
28.3815125,6.16e-05,1.003837998,qam64_0.75,4,0.05
28.4815125,6.16e-05,1.003377249,qam64_0.75,4,0.05
28.5815125,4.35e-05,1.003150848,qam64_0.75,4,0.05
28.6815125,5.19e-05,1.002952491,qam64_0.75,4,0.05
28.7815125,7.13e-05,1.002706115,qam64_0.75,4,0.05
28.8815125,6.88e-05,1.002678737,qam64_0.75,4,0.05
28.9815125,5.68e-05,1.002895467,qam64_0.75,4,0.05
29.0815125,4.95e-05,1.002706561,qam64_0.75,4,0.05
29.1815125,4.23e-05,1.00185464,qam64_0.75,4,0.05
29.2815125,6.52e-05,1.002568258,qam64_0.75,4,0.05
29.3815125,6.64e-05,1.002422084,qam64_0.75,4,0.05
29.4815125,5.31e-05,1.002524143,qam64_0.75,4,0.05
29.5815125,6.76e-05,1.002817787,qam64_0.75,4,0.05
29.6815125,6.04e-05,1.002208517,qam64_0.75,4,0.05
29.7815125,5.8e-05,1.002439895,qam64_0.75,4,0.05
29.8815125,4.59e-05,1.002188769,qam64_0.75,4,0.05
29.9815125,4.83e-05,1.002738032,qam64_0.75,4,0.05
3.7,0.009524155,1.639030016,bpsk_0.5,0,0.01
3.8,0.007762077,1.626762104,bpsk_0.5,0,0.01
3.9,0.006113527,1.616783256,bpsk_0.5,0,0.01
4.0,0.005054348,1.605877436,bpsk_0.5,0,0.01
4.1,0.003996377,1.594478328,bpsk_0.5,0,0.01
4.2,0.003083333,1.585201565,bpsk_0.5,0,0.01
4.3,0.002891304,1.572527235,bpsk_0.5,0,0.01
4.4,0.002160628,1.562160806,bpsk_0.5,0,0.01
4.5,0.001676329,1.556306026,bpsk_0.5,0,0.01
4.6,0.001481884,1.541227868,bpsk_0.5,0,0.01
4.7,0.001268116,1.536399879,bpsk_0.5,0,0.01
4.8,0.000832126,1.525174595,bpsk_0.5,0,0.01
4.9,0.000830918,1.518181909,bpsk_0.5,0,0.01
5.0,0.000597826,1.507488289,bpsk_0.5,0,0.01
5.1,0.000448068,1.496123783,bpsk_0.5,0,0.01
5.2,0.000402174,1.488640679,bpsk_0.5,0,0.01
5.3,0.000292271,1.47922461,bpsk_0.5,0,0.01
5.4,0.000205314,1.470802769,bpsk_0.5,0,0.01
5.5,0.000187198,1.462013968,bpsk_0.5,0,0.01
5.6,0.000148551,1.454987079,bpsk_0.5,0,0.01
5.7,0.000118357,1.444740993,bpsk_0.5,0,0.01
5.8,8.33e-05,1.439995153,bpsk_0.5,0,0.01
5.9,5.56e-05,1.432396194,bpsk_0.5,0,0.01
6.0,4.83e-05,1.424393643,bpsk_0.5,0,0.01
6.1,2.66e-05,1.416396696,bpsk_0.5,0,0.01
6.2,2.42e-05,1.410279463,bpsk_0.5,0,0.01
6.3,4.47e-05,1.399872707,bpsk_0.5,0,0.01
6.4,1.57e-05,1.393204704,bpsk_0.5,0,0.01
6.5,1.81e-05,1.385132478,bpsk_0.5,0,0.01
6.6,2.17e-05,1.377166236,bpsk_0.5,0,0.01
6.7,8.45e-06,1.372665526,bpsk_0.5,0,0.01
6.8,2.42e-05,1.365603045,bpsk_0.5,0,0.01
6.9,6.04e-06,1.360257489,bpsk_0.5,0,0.01
7.0,2.42e-06,1.351545039,bpsk_0.5,0,0.01
7.1,8.45e-06,1.34752341,bpsk_0.5,0,0.01
7.2,2.42e-06,1.340079815,bpsk_0.5,0,0.01
7.3,8.45e-06,1.333777678,bpsk_0.5,0,0.01
7.4,6.04e-06,1.327096928,bpsk_0.5,0,0.01
7.5,8.45e-06,1.320857856,bpsk_0.5,0,0.01
7.6,9.66e-06,1.317423439,bpsk_0.5,0,0.01
7.610299957,0.009667874,1.253326637,4qam_0.75,1,0.01
7.710299957,0.00777657,1.248174677,4qam_0.75,1,0.01
7.810299957,0.006333333,1.238052008,4qam_0.75,1,0.01
7.910299957,0.005101449,1.234838285,4qam_0.75,1,0.01
8.010299957,0.004861111,1.230478325,4qam_0.75,1,0.01
8.110299957,0.00314372,1.226054577,4qam_0.75,1,0.01
8.210299957,0.002588164,1.223491223,4qam_0.75,1,0.01
8.310299957,0.00223913,1.218687555,4qam_0.75,1,0.01
8.410299957,0.001969807,1.214776219,4qam_0.75,1,0.01
8.510299957,0.00142029,1.207140966,4qam_0.75,1,0.01
8.610299957,0.000945652,1.208668653,4qam_0.75,1,0.01
8.710299957,0.000781401,1.202456865,4qam_0.75,1,0.01
8.810299957,0.000559179,1.199881696,4qam_0.75,1,0.01
8.910299957,0.000545894,1.194436383,4qam_0.75,1,0.01
9.010299957,0.00051087,1.190999864,4qam_0.75,1,0.01
9.110299957,0.000254831,1.185130469,4qam_0.75,1,0.01
9.210299957,0.000317633,1.181185012,4qam_0.75,1,0.01
9.310299957,0.000157005,1.17995404,4qam_0.75,1,0.01
9.410299957,0.000188406,1.17913357,4qam_0.75,1,0.01
9.510299957,0.000105072,1.173263171,4qam_0.75,1,0.01
9.610299957,9.54e-05,1.168862035,4qam_0.75,1,0.01
9.710299957,0.000101449,1.166098277,4qam_0.75,1,0.01
9.810299957,4.23e-05,1.165704756,4qam_0.75,1,0.01
9.910299957,5.31e-05,1.161081241,4qam_0.75,1,0.01
10.01029996,6.16e-05,1.158036692,4qam_0.75,1,0.01
10.11029996,2.05e-05,1.154158203,4qam_0.75,1,0.01
10.21029996,2.78e-05,1.153022577,4qam_0.75,1,0.01
10.31029996,1.81e-05,1.147773025,4qam_0.75,1,0.01
10.41029996,2.42e-05,1.143210121,4qam_0.75,1,0.01
10.51029996,3.02e-05,1.144555564,4qam_0.75,1,0.01
10.61029996,2.05e-05,1.143581594,4qam_0.75,1,0.01
10.71029996,1.81e-05,1.138341011,4qam_0.75,1,0.01
10.81029996,3.5e-05,1.138094664,4qam_0.75,1,0.01
10.91029996,3.62e-05,1.132938047,4qam_0.75,1,0.01
11.01029996,2.17e-05,1.132507289,4qam_0.75,1,0.01
11.11029996,2.66e-05,1.128816535,4qam_0.75,1,0.01
11.21029996,2.17e-05,1.124358283,4qam_0.75,1,0.01
11.31029996,1.81e-05,1.123345675,4qam_0.75,1,0.01
11.41029996,1.69e-05,1.122616473,4qam_0.75,1,0.01
11.51029996,1.21e-05,1.117603084,4qam_0.75,1,0.01
11.61029996,1.45e-05,1.119192095,4qam_0.75,1,0.01
11.71029996,3.62e-05,1.113246522,4qam_0.75,1,0.01
11.81029996,2.29e-05,1.113557323,4qam_0.75,1,0.01
11.91029996,8.45e-06,1.109055139,4qam_0.75,1,0.01
12.01029996,1.69e-05,1.10738439,4qam_0.75,1,0.01
12.11029996,7.25e-06,1.104390361,4qam_0.75,1,0.01
12.21029996,1.81e-05,1.103196843,4qam_0.75,1,0.01
12.31029996,3.14e-05,1.099763594,4qam_0.75,1,0.01
12.41029996,1.21e-05,1.101362062,4qam_0.75,1,0.01
12.51029996,1.21e-05,1.102173375,4qam_0.75,1,0.01
12.61029996,1.69e-05,1.097381824,4qam_0.75,1,0.01
12.62059991,0.008817633,1.170518162,qam16_0.5,2,0.01
12.72059991,0.007305556,1.167215002,qam16_0.5,2,0.01
12.82059991,0.005850242,1.163717427,qam16_0.5,2,0.01
12.92059991,0.005142512,1.159401355,qam16_0.5,2,0.01
13.02059991,0.003923913,1.158802216,qam16_0.5,2,0.01
13.12059991,0.003427536,1.152496541,qam16_0.5,2,0.01
13.22059991,0.003095411,1.152751746,qam16_0.5,2,0.01
13.32059991,0.002321256,1.144182287,qam16_0.5,2,0.01
13.42059991,0.002270531,1.147952703,qam16_0.5,2,0.01
13.52059991,0.001615942,1.136376191,qam16_0.5,2,0.01
13.62059991,0.0014843,1.139520128,qam16_0.5,2,0.01
13.72059991,0.001111111,1.14000363,qam16_0.5,2,0.01
13.82059991,0.000630435,1.138311726,qam16_0.5,2,0.01
13.92059991,0.000679952,1.139447588,qam16_0.5,2,0.01
14.02059991,0.000468599,1.138322453,qam16_0.5,2,0.01
14.12059991,0.009592995,1.078454751,qam16_0.75,3,0.01
14.22059991,0.008012077,1.077536442,qam16_0.75,3,0.01
14.32059991,0.006225845,1.077007425,qam16_0.75,3,0.01
14.42059991,0.004463768,1.075145152,qam16_0.75,3,0.01
14.52059991,0.00418599,1.072186454,qam16_0.75,3,0.01
14.62059991,0.003411836,1.07198248,qam16_0.75,3,0.01
14.72059991,0.002832126,1.068899933,qam16_0.75,3,0.01
14.82059991,0.00228744,1.067339034,qam16_0.75,3,0.01
14.92059991,0.002258454,1.068246015,qam16_0.75,3,0.01
15.02059991,0.00159058,1.067407911,qam16_0.75,3,0.01
15.12059991,0.001657005,1.063829509,qam16_0.75,3,0.01
15.22059991,0.000839372,1.061562351,qam16_0.75,3,0.01
15.32059991,0.000922705,1.06068061,qam16_0.75,3,0.01
15.42059991,0.000716184,1.062800496,qam16_0.75,3,0.01
15.52059991,0.000562802,1.059677211,qam16_0.75,3,0.01
15.62059991,0.000311594,1.06069002,qam16_0.75,3,0.01
15.72059991,0.000357488,1.057035408,qam16_0.75,3,0.01
15.82059991,0.000262077,1.05605577,qam16_0.75,3,0.01
15.92059991,0.000301932,1.053202365,qam16_0.75,3,0.01
16.02059991,0.000201691,1.052828736,qam16_0.75,3,0.01
16.12059991,0.000118357,1.049915606,qam16_0.75,3,0.01
16.22059991,0.000119565,1.052833244,qam16_0.75,3,0.01
16.32059991,0.000120773,1.051232895,qam16_0.75,3,0.01
16.42059991,0.000102657,1.049846125,qam16_0.75,3,0.01
16.52059991,3.86e-05,1.051365276,qam16_0.75,3,0.01
16.62059991,6.28e-05,1.04895252,qam16_0.75,3,0.01
16.72059991,1.09e-05,1.048571709,qam16_0.75,3,0.01
16.82059991,2.29e-05,1.046960219,qam16_0.75,3,0.01
16.92059991,6.04e-05,1.045424105,qam16_0.75,3,0.01
17.02059991,1.21e-05,1.043006773,qam16_0.75,3,0.01
17.12059991,3.02e-05,1.045651258,qam16_0.75,3,0.01
17.22059991,1.81e-05,1.043336446,qam16_0.75,3,0.01
17.32059991,3.02e-05,1.041950689,qam16_0.75,3,0.01
17.42059991,1.81e-05,1.040341932,qam16_0.75,3,0.01
17.52059991,2.29e-05,1.039448905,qam16_0.75,3,0.01
17.62059991,2.54e-05,1.038508602,qam16_0.75,3,0.01
17.72059991,2.42e-05,1.038717101,qam16_0.75,3,0.01
17.82059991,2.66e-05,1.040536765,qam16_0.75,3,0.01
17.92059991,2.42e-05,1.036065264,qam16_0.75,3,0.01
18.02059991,6.04e-06,1.038134008,qam16_0.75,3,0.01
18.12059991,2.66e-05,1.0344376,qam16_0.75,3,0.01
18.22059991,3.14e-05,1.039333744,qam16_0.75,3,0.01
18.32059991,1.93e-05,1.033414117,qam16_0.75,3,0.01
18.42059991,1.09e-05,1.032144488,qam16_0.75,3,0.01
18.52059991,2.54e-05,1.033759394,qam16_0.75,3,0.01
18.62059991,3.02e-05,1.033298782,qam16_0.75,3,0.01
18.72059991,2.17e-05,1.033587254,qam16_0.75,3,0.01
18.82059991,2.17e-05,1.033456898,qam16_0.75,3,0.01
18.92059991,3.74e-05,1.029249654,qam16_0.75,3,0.01
19.02059991,1.57e-05,1.030815834,qam16_0.75,3,0.01
19.12059991,9.66e-06,1.029101631,qam16_0.75,3,0.01
19.22059991,1.57e-05,1.02920221,qam16_0.75,3,0.01
19.32059991,1.81e-05,1.029888332,qam16_0.75,3,0.01
19.42059991,1.57e-05,1.027500134,qam16_0.75,3,0.01
19.52059991,2.54e-05,1.028896449,qam16_0.75,3,0.01
19.62059991,1.69e-05,1.025847266,qam16_0.75,3,0.01
19.72059991,2.78e-05,1.026499182,qam16_0.75,3,0.01
19.7815125,0.008648551,1.019741621,qam64_0.75,4,0.01
19.8815125,0.006781401,1.019179298,qam64_0.75,4,0.01
19.9815125,0.005933575,1.016344156,qam64_0.75,4,0.01
20.0815125,0.00527657,1.018331189,qam64_0.75,4,0.01
20.1815125,0.004211353,1.017133886,qam64_0.75,4,0.01
20.2815125,0.003583333,1.016140015,qam64_0.75,4,0.01
20.3815125,0.003225845,1.016433869,qam64_0.75,4,0.01
20.4815125,0.00230314,1.016605151,qam64_0.75,4,0.01
20.5815125,0.001992754,1.014960963,qam64_0.75,4,0.01
20.6815125,0.001528986,1.014581872,qam64_0.75,4,0.01
20.7815125,0.001583333,1.014561473,qam64_0.75,4,0.01
20.8815125,0.001155797,1.015388022,qam64_0.75,4,0.01
20.9815125,0.000993961,1.014772392,qam64_0.75,4,0.01
21.0815125,0.0007343,1.015573683,qam64_0.75,4,0.01
21.1815125,0.00046256,1.014472556,qam64_0.75,4,0.01
21.2815125,0.000428744,1.012857179,qam64_0.75,4,0.01
21.3815125,0.000378019,1.012821025,qam64_0.75,4,0.01
21.4815125,0.00040942,1.012098018,qam64_0.75,4,0.01
21.5815125,0.000236715,1.012282338,qam64_0.75,4,0.01
21.6815125,0.000254831,1.011647527,qam64_0.75,4,0.01
21.7815125,0.00021256,1.012325395,qam64_0.75,4,0.01
21.8815125,0.000208937,1.011096098,qam64_0.75,4,0.01
21.9815125,0.000157005,1.01181071,qam64_0.75,4,0.01
22.0815125,0.000103865,1.010339806,qam64_0.75,4,0.01
22.1815125,0.000119565,1.010887593,qam64_0.75,4,0.01
22.2815125,0.000125604,1.010126741,qam64_0.75,4,0.01
22.3815125,8.21e-05,1.010987348,qam64_0.75,4,0.01
22.4815125,9.3e-05,1.010158331,qam64_0.75,4,0.01
22.5815125,6.76e-05,1.009213851,qam64_0.75,4,0.01
22.6815125,8.7e-05,1.010918272,qam64_0.75,4,0.01
22.7815125,4.71e-05,1.010189752,qam64_0.75,4,0.01
22.8815125,6.28e-05,1.009616788,qam64_0.75,4,0.01
22.9815125,5.8e-05,1.008198713,qam64_0.75,4,0.01
23.0815125,8.21e-05,1.008554709,qam64_0.75,4,0.01
23.1815125,6.16e-05,1.008439657,qam64_0.75,4,0.01
23.2815125,6.4e-05,1.007820293,qam64_0.75,4,0.01
23.3815125,6.88e-05,1.008223645,qam64_0.75,4,0.01
23.4815125,8.7e-05,1.008244655,qam64_0.75,4,0.01
23.5815125,4.83e-05,1.008268943,qam64_0.75,4,0.01
23.6815125,4.59e-05,1.00867545,qam64_0.75,4,0.01
23.7815125,4.35e-05,1.006863905,qam64_0.75,4,0.01
23.8815125,6.28e-05,1.007395695,qam64_0.75,4,0.01
23.9815125,5.07e-05,1.007417992,qam64_0.75,4,0.01
24.0815125,4.59e-05,1.007414412,qam64_0.75,4,0.01
24.1815125,8.57e-05,1.007746485,qam64_0.75,4,0.01
24.2815125,7.13e-05,1.007992748,qam64_0.75,4,0.01
24.3815125,5.31e-05,1.00707483,qam64_0.75,4,0.01
24.4815125,4.35e-05,1.005661965,qam64_0.75,4,0.01
24.5815125,5.68e-05,1.006813729,qam64_0.75,4,0.01
24.6815125,5.31e-05,1.00699564,qam64_0.75,4,0.01
24.7815125,4.95e-05,1.006424052,qam64_0.75,4,0.01
24.8815125,6.64e-05,1.006305651,qam64_0.75,4,0.01
24.9815125,8.09e-05,1.005918375,qam64_0.75,4,0.01
25.0815125,7.25e-05,1.005082231,qam64_0.75,4,0.01
25.1815125,5.92e-05,1.004534848,qam64_0.75,4,0.01
25.2815125,5.68e-05,1.005710027,qam64_0.75,4,0.01
25.3815125,5.8e-05,1.005383107,qam64_0.75,4,0.01
25.4815125,5.92e-05,1.00635948,qam64_0.75,4,0.01
25.5815125,4.83e-05,1.005241403,qam64_0.75,4,0.01
25.6815125,4.59e-05,1.004268423,qam64_0.75,4,0.01
25.7815125,5.56e-05,1.005259093,qam64_0.75,4,0.01
25.8815125,5.92e-05,1.004989437,qam64_0.75,4,0.01
25.9815125,5.31e-05,1.004841319,qam64_0.75,4,0.01
26.0815125,5.31e-05,1.005449143,qam64_0.75,4,0.01
26.1815125,4.95e-05,1.004382177,qam64_0.75,4,0.01
26.2815125,5.68e-05,1.004883808,qam64_0.75,4,0.01
26.3815125,7.37e-05,1.00563119,qam64_0.75,4,0.01
26.4815125,5.56e-05,1.004217305,qam64_0.75,4,0.01
26.5815125,5.19e-05,1.003920526,qam64_0.75,4,0.01
26.6815125,6.76e-05,1.00346559,qam64_0.75,4,0.01
26.7815125,3.5e-05,1.00364392,qam64_0.75,4,0.01
26.8815125,4.95e-05,1.003828157,qam64_0.75,4,0.01
26.9815125,5.07e-05,1.003902368,qam64_0.75,4,0.01
27.0815125,5.8e-05,1.00343629,qam64_0.75,4,0.01
27.1815125,3.74e-05,1.00395534,qam64_0.75,4,0.01
27.2815125,5.92e-05,1.003505177,qam64_0.75,4,0.01
27.3815125,6.28e-05,1.00338632,qam64_0.75,4,0.01
27.4815125,6.4e-05,1.002989898,qam64_0.75,4,0.01
27.5815125,6.16e-05,1.00277947,qam64_0.75,4,0.01
27.6815125,5.8e-05,1.003115345,qam64_0.75,4,0.01
27.7815125,5.8e-05,1.002914185,qam64_0.75,4,0.01
27.8815125,6.16e-05,1.003009058,qam64_0.75,4,0.01
27.9815125,7.97e-05,1.002660654,qam64_0.75,4,0.01
28.0815125,5.31e-05,1.003071988,qam64_0.75,4,0.01
28.1815125,5.56e-05,1.002851735,qam64_0.75,4,0.01
28.2815125,6.76e-05,1.003117201,qam64_0.75,4,0.01
28.3815125,6.28e-05,1.002743589,qam64_0.75,4,0.01
28.4815125,5.92e-05,1.003236953,qam64_0.75,4,0.01
28.5815125,5.31e-05,1.00223456,qam64_0.75,4,0.01
28.6815125,5.8e-05,1.00281167,qam64_0.75,4,0.01
28.7815125,5.8e-05,1.002623038,qam64_0.75,4,0.01
28.8815125,7.25e-05,1.00274422,qam64_0.75,4,0.01
28.9815125,4.83e-05,1.002102026,qam64_0.75,4,0.01
29.0815125,4.83e-05,1.002422194,qam64_0.75,4,0.01
29.1815125,6.64e-05,1.002722458,qam64_0.75,4,0.01
29.2815125,5.92e-05,1.001628396,qam64_0.75,4,0.01
29.3815125,6.52e-05,1.002386118,qam64_0.75,4,0.01
29.4815125,6.52e-05,1.00250482,qam64_0.75,4,0.01
29.5815125,3.99e-05,1.002243594,qam64_0.75,4,0.01
29.6815125,4.71e-05,1.002289935,qam64_0.75,4,0.01
29.7815125,4.95e-05,1.001875513,qam64_0.75,4,0.01
29.8815125,5.68e-05,1.001906732,qam64_0.75,4,0.01
29.9815125,4.47e-05,1.00192896,qam64_0.75,4,0.01
4.7,0.000943237,1.574505018,bpsk_0.5,0,0.001
4.8,0.000932367,1.564778289,bpsk_0.5,0,0.001
4.9,0.000658213,1.555945319,bpsk_0.5,0,0.001
5.0,0.000522947,1.544910123,bpsk_0.5,0,0.001
5.1,0.00042029,1.536722195,bpsk_0.5,0,0.001
5.2,0.000327295,1.52697279,bpsk_0.5,0,0.001
5.3,0.000213768,1.519295388,bpsk_0.5,0,0.001
5.4,0.000217391,1.50964453,bpsk_0.5,0,0.001
5.5,0.000169082,1.499702455,bpsk_0.5,0,0.001
5.6,0.000123188,1.492836528,bpsk_0.5,0,0.001
5.7,9.3e-05,1.479937359,bpsk_0.5,0,0.001
5.8,0.000113527,1.476136326,bpsk_0.5,0,0.001
5.9,5.68e-05,1.464730084,bpsk_0.5,0,0.001
6.0,3.86e-05,1.459210811,bpsk_0.5,0,0.001
6.1,4.47e-05,1.451119248,bpsk_0.5,0,0.001
6.2,1.45e-05,1.440705983,bpsk_0.5,0,0.001
6.3,2.78e-05,1.437489113,bpsk_0.5,0,0.001
6.4,2.66e-05,1.425870721,bpsk_0.5,0,0.001
6.5,2.29e-05,1.416665215,bpsk_0.5,0,0.001
6.6,1.57e-05,1.411806066,bpsk_0.5,0,0.001
6.7,1.33e-05,1.402877946,bpsk_0.5,0,0.001
6.8,3.62e-06,1.398333007,bpsk_0.5,0,0.001
6.9,3.02e-05,1.386878154,bpsk_0.5,0,0.001
7.0,2.17e-05,1.382855115,bpsk_0.5,0,0.001
7.1,3.62e-06,1.374671491,bpsk_0.5,0,0.001
7.2,4.83e-06,1.368953027,bpsk_0.5,0,0.001
7.3,2.42e-06,1.359929739,bpsk_0.5,0,0.001
7.4,6.04e-06,1.356091004,bpsk_0.5,0,0.001
7.5,7.25e-06,1.34761515,bpsk_0.5,0,0.001
7.6,6.04e-06,1.34232635,bpsk_0.5,0,0.001
7.7,2.42e-06,1.336305598,bpsk_0.5,0,0.001
7.8,2.42e-06,1.330461977,bpsk_0.5,0,0.001
7.9,2.42e-06,1.325554704,bpsk_0.5,0,0.001
8.0,2.42e-06,1.319575843,bpsk_0.5,0,0.001
8.1,1.33e-05,1.31120769,bpsk_0.5,0,0.001
8.2,0.0,1.30784591,bpsk_0.5,0,0.001
8.3,1.21e-06,1.299413169,bpsk_0.5,0,0.001
8.4,6.04e-06,1.294320357,bpsk_0.5,0,0.001
8.5,1.21e-06,1.292624296,bpsk_0.5,0,0.001
8.6,1.09e-05,1.283086819,bpsk_0.5,0,0.001
8.7,4.83e-06,1.27896694,bpsk_0.5,0,0.001
8.710299957,0.000692029,1.219011814,4qam_0.75,1,0.001
8.810299957,0.000786232,1.211798959,4qam_0.75,1,0.001
8.910299957,0.000480676,1.210890598,4qam_0.75,1,0.001
9.010299957,0.000378019,1.208827891,4qam_0.75,1,0.001
9.110299957,0.000282609,1.203658728,4qam_0.75,1,0.001
9.210299957,0.000291063,1.196890448,4qam_0.75,1,0.001
9.310299957,0.000258454,1.195287825,4qam_0.75,1,0.001
9.410299957,0.000183575,1.193053684,4qam_0.75,1,0.001
9.510299957,0.000135266,1.187563607,4qam_0.75,1,0.001
9.610299957,0.000108696,1.187463632,4qam_0.75,1,0.001
9.710299957,5.19e-05,1.181930185,4qam_0.75,1,0.001
9.810299957,7.97e-05,1.178451901,4qam_0.75,1,0.001
9.910299957,8.09e-05,1.174294467,4qam_0.75,1,0.001
10.01029996,0.000111111,1.17455072,4qam_0.75,1,0.001
10.11029996,3.02e-05,1.171516481,4qam_0.75,1,0.001
10.21029996,4.47e-05,1.167121272,4qam_0.75,1,0.001
10.31029996,3.86e-05,1.162438875,4qam_0.75,1,0.001
10.41029996,3.26e-05,1.157926477,4qam_0.75,1,0.001
10.51029996,3.5e-05,1.15589939,4qam_0.75,1,0.001
10.61029996,3.86e-05,1.155140125,4qam_0.75,1,0.001
10.71029996,2.05e-05,1.150134325,4qam_0.75,1,0.001
10.81029996,3.26e-05,1.149195681,4qam_0.75,1,0.001
10.91029996,2.42e-05,1.146168718,4qam_0.75,1,0.001
11.01029996,7.25e-06,1.143412903,4qam_0.75,1,0.001
11.11029996,2.17e-05,1.14082099,4qam_0.75,1,0.001
11.21029996,2.17e-05,1.13905784,4qam_0.75,1,0.001
11.31029996,1.57e-05,1.138758417,4qam_0.75,1,0.001
11.41029996,1.69e-05,1.134230987,4qam_0.75,1,0.001
11.51029996,1.93e-05,1.129007718,4qam_0.75,1,0.001
11.61029996,4.83e-06,1.128255319,4qam_0.75,1,0.001
11.71029996,2.66e-05,1.127691819,4qam_0.75,1,0.001
11.81029996,1.45e-05,1.120393752,4qam_0.75,1,0.001
11.91029996,2.29e-05,1.120642127,4qam_0.75,1,0.001
12.01029996,1.93e-05,1.116821056,4qam_0.75,1,0.001
12.11029996,8.45e-06,1.11742147,4qam_0.75,1,0.001
12.21029996,3.02e-05,1.112862162,4qam_0.75,1,0.001
12.31029996,2.05e-05,1.11224017,4qam_0.75,1,0.001
12.41029996,3.02e-05,1.108846621,4qam_0.75,1,0.001
12.51029996,8.45e-06,1.106602355,4qam_0.75,1,0.001
12.61029996,2.66e-05,1.10404164,4qam_0.75,1,0.001
12.71029996,1.33e-05,1.105630547,4qam_0.75,1,0.001
12.81029996,2.54e-05,1.098462875,4qam_0.75,1,0.001
12.91029996,1.93e-05,1.100817891,4qam_0.75,1,0.001
13.01029996,3.14e-05,1.098011896,4qam_0.75,1,0.001
13.11029996,1.69e-05,1.097392802,4qam_0.75,1,0.001
13.21029996,1.69e-05,1.095458365,4qam_0.75,1,0.001
13.31029996,1.81e-05,1.091720426,4qam_0.75,1,0.001
13.41029996,1.45e-05,1.092007839,4qam_0.75,1,0.001
13.51029996,2.42e-05,1.090011486,4qam_0.75,1,0.001
13.61029996,1.81e-05,1.088997479,4qam_0.75,1,0.001
13.71029996,3.38e-05,1.086688321,4qam_0.75,1,0.001
13.81029996,1.33e-05,1.085603528,4qam_0.75,1,0.001
13.82059991,0.000945652,1.106312497,qam16_0.5,2,0.001
13.92059991,0.000612319,1.109398921,qam16_0.5,2,0.001
14.02059991,0.000642512,1.104101157,qam16_0.5,2,0.001
14.12059991,0.000571256,1.105244304,qam16_0.5,2,0.001
14.22059991,0.000384058,1.100015444,qam16_0.5,2,0.001
14.32059991,0.000323671,1.099295255,qam16_0.5,2,0.001
14.42059991,0.00023913,1.097826283,qam16_0.5,2,0.001
14.52059991,0.000222222,1.096895482,qam16_0.5,2,0.001
14.62059991,0.000128019,1.092480881,qam16_0.5,2,0.001
14.72059991,0.000214976,1.092747946,qam16_0.5,2,0.001
14.82059991,0.000105072,1.091045501,qam16_0.5,2,0.001
14.92059991,6.88e-05,1.087428229,qam16_0.5,2,0.001
15.02059991,5.19e-05,1.085288638,qam16_0.5,2,0.001
15.12059991,3.02e-05,1.085129001,qam16_0.5,2,0.001
15.22059991,0.000904589,1.054464907,qam16_0.75,3,0.001
15.32059991,0.000742754,1.054361076,qam16_0.75,3,0.001
15.42059991,0.000456522,1.051966974,qam16_0.75,3,0.001
15.52059991,0.000549517,1.051770734,qam16_0.75,3,0.001
15.62059991,0.000419082,1.04872171,qam16_0.75,3,0.001
15.72059991,0.000387681,1.049623152,qam16_0.75,3,0.001
15.82059991,0.00032971,1.047797156,qam16_0.75,3,0.001
15.92059991,0.000277778,1.047329485,qam16_0.75,3,0.001
16.02059991,0.000138889,1.045704915,qam16_0.75,3,0.001
16.12059991,0.000150966,1.044765206,qam16_0.75,3,0.001
16.22059991,0.000109903,1.042024243,qam16_0.75,3,0.001
16.32059991,7.49e-05,1.04317358,qam16_0.75,3,0.001
16.42059991,6.4e-05,1.044623984,qam16_0.75,3,0.001
16.52059991,1.93e-05,1.042216954,qam16_0.75,3,0.001
16.62059991,5.31e-05,1.040516142,qam16_0.75,3,0.001
16.72059991,4.47e-05,1.040202023,qam16_0.75,3,0.001
16.82059991,4.11e-05,1.038241028,qam16_0.75,3,0.001
16.92059991,6.04e-05,1.036420896,qam16_0.75,3,0.001
17.02059991,3.38e-05,1.035369034,qam16_0.75,3,0.001
17.12059991,2.54e-05,1.035334078,qam16_0.75,3,0.001
17.22059991,1.57e-05,1.035984975,qam16_0.75,3,0.001
17.32059991,2.05e-05,1.035535076,qam16_0.75,3,0.001
17.42059991,2.9e-05,1.032591665,qam16_0.75,3,0.001
17.52059991,2.17e-05,1.032946605,qam16_0.75,3,0.001
17.62059991,2.9e-05,1.030808504,qam16_0.75,3,0.001
17.72059991,2.9e-05,1.031010046,qam16_0.75,3,0.001
17.82059991,3.02e-05,1.03080101,qam16_0.75,3,0.001
17.92059991,1.81e-05,1.030201468,qam16_0.75,3,0.001
18.02059991,2.05e-05,1.030714079,qam16_0.75,3,0.001
18.12059991,2.66e-05,1.029492636,qam16_0.75,3,0.001
18.22059991,2.42e-05,1.027790424,qam16_0.75,3,0.001
18.32059991,2.17e-05,1.028231465,qam16_0.75,3,0.001
18.42059991,2.05e-05,1.027190987,qam16_0.75,3,0.001
18.52059991,2.78e-05,1.026534571,qam16_0.75,3,0.001
18.62059991,2.54e-05,1.025234878,qam16_0.75,3,0.001
18.72059991,1.57e-05,1.025572425,qam16_0.75,3,0.001
18.82059991,3.14e-05,1.024709765,qam16_0.75,3,0.001
18.92059991,1.33e-05,1.025694637,qam16_0.75,3,0.001
19.02059991,2.9e-05,1.02350618,qam16_0.75,3,0.001
19.12059991,1.69e-05,1.022220442,qam16_0.75,3,0.001
19.22059991,2.05e-05,1.022290152,qam16_0.75,3,0.001
19.32059991,3.14e-05,1.023256764,qam16_0.75,3,0.001
19.42059991,2.42e-05,1.021315797,qam16_0.75,3,0.001
19.52059991,1.09e-05,1.021934453,qam16_0.75,3,0.001
19.62059991,1.81e-05,1.021587937,qam16_0.75,3,0.001
19.72059991,3.38e-05,1.021074142,qam16_0.75,3,0.001
19.82059991,9.66e-06,1.018947328,qam16_0.75,3,0.001
19.92059991,2.54e-05,1.019135018,qam16_0.75,3,0.001
20.02059991,1.69e-05,1.020953987,qam16_0.75,3,0.001
20.12059991,2.05e-05,1.019470758,qam16_0.75,3,0.001
20.22059991,3.86e-05,1.0180708,qam16_0.75,3,0.001
20.32059991,1.81e-05,1.018176291,qam16_0.75,3,0.001
20.42059991,2.29e-05,1.019061317,qam16_0.75,3,0.001
20.52059991,1.21e-05,1.016846114,qam16_0.75,3,0.001
20.62059991,2.42e-05,1.0183631,qam16_0.75,3,0.001
20.72059991,1.81e-05,1.016693588,qam16_0.75,3,0.001
20.82059991,1.93e-05,1.015430078,qam16_0.75,3,0.001
20.92059991,1.33e-05,1.015314914,qam16_0.75,3,0.001
20.9815125,0.000894928,1.011430872,qam64_0.75,4,0.001
21.0815125,0.000754831,1.009901392,qam64_0.75,4,0.001
21.1815125,0.000394928,1.010615617,qam64_0.75,4,0.001
21.2815125,0.000611111,1.010250203,qam64_0.75,4,0.001
21.3815125,0.000415459,1.010338654,qam64_0.75,4,0.001
21.4815125,0.000449275,1.01054454,qam64_0.75,4,0.001
21.5815125,0.000237923,1.009147521,qam64_0.75,4,0.001
21.6815125,0.000218599,1.009233023,qam64_0.75,4,0.001
21.7815125,0.000148551,1.009174989,qam64_0.75,4,0.001
21.8815125,0.000118357,1.009355985,qam64_0.75,4,0.001
21.9815125,0.000146135,1.009822804,qam64_0.75,4,0.001
22.0815125,0.000130435,1.010066359,qam64_0.75,4,0.001
22.1815125,7e-05,1.007417617,qam64_0.75,4,0.001
22.2815125,0.00014372,1.00766752,qam64_0.75,4,0.001
22.3815125,7.73e-05,1.008057429,qam64_0.75,4,0.001
22.4815125,4.83e-05,1.009566796,qam64_0.75,4,0.001
22.5815125,7.37e-05,1.00715116,qam64_0.75,4,0.001
22.6815125,5.07e-05,1.007397725,qam64_0.75,4,0.001
22.7815125,4.47e-05,1.007515011,qam64_0.75,4,0.001
22.8815125,4.95e-05,1.007204253,qam64_0.75,4,0.001
22.9815125,5.8e-05,1.007467187,qam64_0.75,4,0.001
23.0815125,4.23e-05,1.007236036,qam64_0.75,4,0.001
23.1815125,4.11e-05,1.006662453,qam64_0.75,4,0.001
23.2815125,3.38e-05,1.005962265,qam64_0.75,4,0.001
23.3815125,5.07e-05,1.006067938,qam64_0.75,4,0.001
23.4815125,4.83e-05,1.00587759,qam64_0.75,4,0.001
23.5815125,5.31e-05,1.005553399,qam64_0.75,4,0.001
23.6815125,3.14e-05,1.006324673,qam64_0.75,4,0.001
23.7815125,6.64e-05,1.006499746,qam64_0.75,4,0.001
23.8815125,3.62e-05,1.00689501,qam64_0.75,4,0.001
23.9815125,4.23e-05,1.005446153,qam64_0.75,4,0.001
24.0815125,3.26e-05,1.005725525,qam64_0.75,4,0.001
24.1815125,4.95e-05,1.004683724,qam64_0.75,4,0.001
24.2815125,3.62e-05,1.005030455,qam64_0.75,4,0.001
24.3815125,2.42e-05,1.00528619,qam64_0.75,4,0.001
24.4815125,3.38e-05,1.005237037,qam64_0.75,4,0.001
24.5815125,3.5e-05,1.00461091,qam64_0.75,4,0.001
24.6815125,3.14e-05,1.004830722,qam64_0.75,4,0.001
24.7815125,3.5e-05,1.004694876,qam64_0.75,4,0.001
24.8815125,5.31e-05,1.005883989,qam64_0.75,4,0.001
24.9815125,3.74e-05,1.004231594,qam64_0.75,4,0.001
25.0815125,3.14e-05,1.004562046,qam64_0.75,4,0.001
25.1815125,2.42e-05,1.004300255,qam64_0.75,4,0.001
25.2815125,2.9e-05,1.004446966,qam64_0.75,4,0.001
25.3815125,2.17e-05,1.004862813,qam64_0.75,4,0.001
25.4815125,3.38e-05,1.004086238,qam64_0.75,4,0.001
25.5815125,3.62e-05,1.003685754,qam64_0.75,4,0.001
25.6815125,3.74e-05,1.00463742,qam64_0.75,4,0.001
25.7815125,4.95e-05,1.004009558,qam64_0.75,4,0.001
25.8815125,6.28e-05,1.00325777,qam64_0.75,4,0.001
25.9815125,3.86e-05,1.003394892,qam64_0.75,4,0.001
26.0815125,3.38e-05,1.003115686,qam64_0.75,4,0.001
26.1815125,2.9e-05,1.003379289,qam64_0.75,4,0.001
26.2815125,3.14e-05,1.003181619,qam64_0.75,4,0.001
26.3815125,3.38e-05,1.00294586,qam64_0.75,4,0.001
26.4815125,3.14e-05,1.002753591,qam64_0.75,4,0.001
26.5815125,4.59e-05,1.002750496,qam64_0.75,4,0.001
26.6815125,3.38e-05,1.003062871,qam64_0.75,4,0.001
26.7815125,3.02e-05,1.002634893,qam64_0.75,4,0.001
26.8815125,3.99e-05,1.00314543,qam64_0.75,4,0.001
26.9815125,2.42e-05,1.002265419,qam64_0.75,4,0.001
27.0815125,3.99e-05,1.00224588,qam64_0.75,4,0.001
27.1815125,3.14e-05,1.002527724,qam64_0.75,4,0.001
27.2815125,3.26e-05,1.003166383,qam64_0.75,4,0.001
27.3815125,6.28e-05,1.003004794,qam64_0.75,4,0.001
27.4815125,2.66e-05,1.002623289,qam64_0.75,4,0.001
27.5815125,4.95e-05,1.0021325,qam64_0.75,4,0.001
27.6815125,3.86e-05,1.002632832,qam64_0.75,4,0.001
27.7815125,3.02e-05,1.002386421,qam64_0.75,4,0.001
27.8815125,2.05e-05,1.001774791,qam64_0.75,4,0.001
27.9815125,3.26e-05,1.001844217,qam64_0.75,4,0.001
28.0815125,5.43e-05,1.002472365,qam64_0.75,4,0.001
28.1815125,3.74e-05,1.002673636,qam64_0.75,4,0.001
28.2815125,3.38e-05,1.002175314,qam64_0.75,4,0.001
28.3815125,2.54e-05,1.002143197,qam64_0.75,4,0.001
28.4815125,3.99e-05,1.00177862,qam64_0.75,4,0.001
28.5815125,3.62e-05,1.001973134,qam64_0.75,4,0.001
28.6815125,2.9e-05,1.002086086,qam64_0.75,4,0.001
28.7815125,5.43e-05,1.001690554,qam64_0.75,4,0.001
28.8815125,2.42e-05,1.002769285,qam64_0.75,4,0.001
28.9815125,3.02e-05,1.001558737,qam64_0.75,4,0.001
29.0815125,3.5e-05,1.001523458,qam64_0.75,4,0.001
29.1815125,2.54e-05,1.001626925,qam64_0.75,4,0.001
29.2815125,3.5e-05,1.001460089,qam64_0.75,4,0.001
29.3815125,3.38e-05,1.001342105,qam64_0.75,4,0.001
29.4815125,3.02e-05,1.001254905,qam64_0.75,4,0.001
29.5815125,3.14e-05,1.001865796,qam64_0.75,4,0.001
29.6815125,3.5e-05,1.001646744,qam64_0.75,4,0.001
29.7815125,2.78e-05,1.001229732,qam64_0.75,4,0.001
29.8815125,5.43e-05,1.000960055,qam64_0.75,4,0.001
29.9815125,3.86e-05,1.001246267,qam64_0.75,4,0.001
